genomic_accession	genomic_context	intergenic_distance	receptor_id	r_start	r_end	r_strand	TPR_hmm_name	TPR_hmm_accession	TPR_hmm_evalue	DNA-binding_hmm_name	DNA-binding_hmm_accession	DNA-binding_hmm_evalue	homologous_ref_receptor	blastp_evalue	perc_identity	perc_cover	propeptide_id	p_start	p_end	p_strand	Prediction	SP(Sec/SPI)	TAT(Tat/SPI)	LIPO(Sec/SPII)	OTHER	CS Position
NZ_CP019512.1	(<= ====>)	177	WP_002381942.1	1300521	1301348	+	2qfcA00-i1	-	1e-53	3u3wA01-i2	-	5.799999999999999e-22					WP_002357816.1	1300167	1300343	-	OTHER	0.013428	0.0009710000000000001	0.002994	0.982607	
NZ_CP019512.1	(<==== <=)	348	WP_002360076.1	1778328	1779512	-	2qfcA00-i1	-	9.4e-10	mbf_short4	SM00530	2.4e-15					WP_002298811.1	1779861	1780028	-	OTHER	0.009434999999999999	0.004744	0.001801	0.9840200000000001	
NZ_CP019512.1	(=> <====)	87	WP_002359937.1	1958548	1959513	-	2y4tB01-i2	-	9.2e-06								WP_002383739.1	1958281	1958460	+	OTHER	0.07649500000000001	0.001145	0.13955499999999998	0.782805	
NZ_CP019512.1	(=> ====>)	22	WP_000398284.1	3078950	3080155	+	2qfcA00-i1	-	1.4e-08	mbf_short4	SM00530	3e-16					WP_000879507.1	3078775	3078927	+	OTHER	0.213152	0.0151	0.036462	0.735286	
NZ_CP019514.1	(=> ====>)	78	WP_002368126.1	32799	33944	+	2xevB00-i2	-	1.7e-08								WP_002368123.1	32526	32720	+	OTHER	0.395525	0.051012	0.09615	0.457313	
